Event (battle call or boost call),Red Tokens,Blue Tokens,Red Price,Blue Price,Lag
0,1000000,1000000,1,1,10
1,976393.1508,1023606.849,0.896002152,1.135827651,10
2,964539.1735,1035460.826,0.970606072,1.09605859,10
3,933320.5995,1066679.4,0.895197135,1.24088216,10
4,933320.5995,1066679.4,0.895197135,1.24088216,11
5,886183.6131,1113816.387,0.805455206,1.285458747,11
6,845305.5302,1154694.47,0.809668882,1.23927967,11
7,793649.5696,1206350.43,0.702081139,1.242120399,11
8,761053.0594,1238946.941,0.737776674,1.076478954,11
9,723726.0645,1276273.936,0.771228748,1.213759362,11
10,723726.0645,1276273.936,0.771228748,1.213759362,10
11,723726.0645,1276273.936,0.771228748,1.213759362,9
12,691704.7257,1308295.274,0.765209758,1.26400268,9
13,666712.9658,1333287.034,0.913900232,1.372925592,9
14,642798.7698,1357201.23,0.903742232,1.353556744,9
15,642798.7698,1357201.23,0.903742232,1.353556744,8
16,625513.1228,1374486.877,0.975340917,1.369426329,8
17,606904.3085,1393095.692,0.965430811,1.406447094,8
18,589157.1085,1410842.891,0.970510486,1.404592859,8
19,568662.6342,1431337.366,0.969902797,1.508806667,8
20,568662.6342,1431337.366,0.969902797,1.508806667,9
21,568662.6342,1431337.366,1.218461867,1.346443759,9
22,568662.6342,1431337.366,1.218461867,1.346443759,8
23,568662.6342,1431337.366,1.218461867,1.346443759,9
24,561916.7087,1438083.291,1.177814425,1.344013988,9
25,561916.7087,1438083.291,1.177814425,1.344013988,8
26,561916.7087,1438083.291,1.193866373,1.143127157,8
27,576143.2327,1423856.767,1.250277558,1.104672494,8
28,576143.2327,1423856.767,1.259549434,1.147391009,8
29,592491.0598,1407508.94,1.30688971,1.131886619,8
30,641236.0108,1358763.989,1.674223641,1.078413986,8
31,692746.9799,1307253.02,1.778514029,1.097156783,8
32,765768.0306,1234231.969,1.990408659,0.960279369,8
33,838283.1049,1161716.895,2.036727982,0.942670548,8
34,838283.1049,1161716.895,2.036727982,0.942670548,7
35,902664.8967,1097335.103,2.162673982,0.936037537,7
36,902664.8967,1097335.103,2.162673982,0.936037537,6
37,948742.1768,1051257.823,2.042753427,0.983731716,6
38,948742.1768,1051257.823,2.042753427,0.983731716,7
39,1000855.718,999144.2815,2.131067845,1.016534299,7
40,1035681.498,964318.502,2.108380636,1.267814106,7
41,1035681.498,964318.502,2.108380636,1.267814106,8
42,1074493.777,925506.223,1.946908542,1.164280993,8
43,1107231.757,892768.2434,1.881875272,1.200433579,8
44,1147358.211,852641.7894,2.264317543,1.271156423,8
45,1183895.971,816104.0287,2.25612771,1.302917241,8
46,1211229.194,788770.8062,2.012556224,1.315834125,8
47,1240916.036,759083.964,2.133707012,1.321044831,8
48,1281148.91,718851.0897,2.51810125,1.264928336,8
49,1318684.377,681315.6226,2.602456534,1.321783044,8
50,1349222.95,650777.0498,2.597272106,1.460510936,8
51,1376013.785,623986.2154,2.514670903,1.485452737,8
52,1395871.718,604128.2823,2.26983179,1.516685979,8
53,1417262.822,582737.1775,2.037495126,1.299101736,8
54,1438857.662,561142.338,2.049523252,1.278678504,8
55,1462006.421,537993.579,2.050786179,1.210043939,8
56,1485397.148,514602.8518,2.123670578,1.216128139,8
57,1502273.325,497726.6753,2.075467651,1.369389054,8
58,1519225.863,480774.1375,2.205561482,1.431354489,8
59,1530999.339,469000.6608,2.332568883,1.71332944,8
60,1541697.479,458302.5208,2.425197502,1.819980955,8
61,1550721.441,449278.5595,2.429876353,1.897357093,8
62,1555874.875,444125.1247,2.24168822,1.941774062,8
63,1555874.875,444125.1247,2.198926704,2.097559532,8
64,1561858.96,438141.04,2.258552772,1.907705133,8
65,1565977.373,434022.6267,2.090485049,1.858489153,8
66,1565977.373,434022.6267,1.888306463,1.749043672,8
67,1565977.373,434022.6267,1.767927651,1.906410262,8
68,1531393.333,468606.6666,1.668208178,2.202474541,8
69,1495361.547,504638.4528,1.760955259,2.368161489,8
70,1447115.958,552884.0419,1.547192639,2.328767821,8
71,1447115.958,552884.0419,1.547192639,2.328767821,7
72,1447115.958,552884.0419,1.547192639,2.328767821,6
73,1406052.749,593947.2507,1.423882243,2.30583205,6
74,1354193.816,645806.1835,1.33133791,2.5128781,6
75,1317745.621,682254.3792,1.409188785,2.224108672,6
76,1288792.645,711207.3553,1.512665438,2.190748013,6
77,1250879.14,749120.8596,1.400616325,2.310356591,6
78,1208416.876,791583.1238,1.28969111,2.307185722,6
79,1165084.775,834915.2254,1.243937537,2.304195769,6
80,1119407.174,880592.8255,1.154995247,2.27591247,6
81,1056451.207,943548.7933,0.884398227,2.444602495,6
82,1006266.071,993733.9288,0.948043753,2.190459725,6
83,946890.6359,1053109.364,0.870797575,2.555611494,6
84,890745.7593,1109254.241,0.89533052,2.644337921,6
85,841864.9698,1158135.03,0.936492774,2.514756201,6
86,841864.9698,1158135.03,0.936492774,2.514756201,7
87,841864.9698,1158135.03,0.936492774,2.514756201,8
88,778706.3779,1221293.622,1.007330855,2.785965843,8
89,726155.775,1273844.225,0.964396252,2.37133417,8
90,726155.775,1273844.225,0.964396252,2.37133417,9
91,667456.1588,1332543.841,0.959228722,2.523111258,9
92,667456.1588,1332543.841,0.959228722,2.523111258,10
93,616754.244,1383245.756,0.988749723,2.199811874,10
94,572077.2139,1427922.786,1.020874883,2.180337046,10
95,527779.6081,1472220.392,1.00825445,2.282202992,10
96,487503.8721,1512496.128,1.098518883,2.454019214,10
97,450378.6636,1549621.336,1.160997922,2.588803664,10
98,415356.5288,1584643.471,1.137640597,2.585051988,10
99,382473.9434,1617526.057,1.182731914,2.732533657,10
100,346562.0345,1653437.965,1.035768097,2.868876526,10
101,311698.1994,1688301.801,0.995736041,3.011214499,10
102,311698.1994,1688301.801,0.995736041,3.011214499,11
103,275086.7454,1724913.255,0.966582168,3.180950019,11
104,243424.5533,1756575.447,0.935181196,2.987369408,11
105,211993.4027,1788006.597,0.926085486,3.55763795,11
106,211993.4027,1788006.597,0.926085486,3.55763795,12
107,186479.5241,1813520.476,1.082349997,3.259795258,12
108,166111.3291,1833888.671,1.104742659,2.950128702,12
109,146597.3049,1853402.695,0.951215034,2.775251939,12
110,146597.3049,1853402.695,0.951215034,2.775251939,13
111,128748.3749,1871251.625,0.910956719,2.515546317,13
112,114438.2358,1885561.764,0.922979161,2.301361342,13
113,102813.1781,1897186.822,0.943233862,2.152922038,13
114,92404.06048,1907595.94,1.02315246,2.328128918,13
115,84309.53532,1915690.465,1.092700677,2.203133639,13
116,77410.94748,1922589.053,1.15831029,2.222185016,13
117,77410.94748,1922589.053,1.15831029,2.222185016,12
118,70382.29964,1929617.7,1.143874314,2.536065478,12
119,65950.99448,1934049.006,1.196583447,2.047664713,12
120,65950.99448,1934049.006,1.196583447,2.047664713,13
121,62275.7277,1937724.272,1.260428586,1.948138522,13
122,58753.54074,1941246.459,1.234984008,1.921647856,13
123,55846.55955,1944153.44,1.216838515,1.788807794,13
124,52630.69119,1947369.309,1.131834836,1.775811391,13
125,51528.02957,1948471.97,1.38391963,1.62650074,13
126,50295.03146,1949704.969,1.320286476,1.587940534,13
127,50295.03146,1949704.969,1.320286476,1.587940534,14
128,49505.2755,1950494.725,1.407654487,1.574917833,14
129,99313.4743,1900686.526,1.500611089,1.249774118,14
130,181341.4713,1818658.529,1.705773893,1.250167873,14
131,308339.1878,1691660.812,1.892061853,1.136704461,14
132,439951.3514,1560048.649,2.054305267,1.160924301,14
133,530297.4254,1469702.575,1.964480796,1.291124585,14
134,530297.4254,1469702.575,1.964480796,1.291124585,13
135,604317.6433,1395682.357,1.845710163,1.246687917,13
136,683419.4128,1316580.587,2.041347746,1.310660758,13
137,769767.3593,1230232.641,2.19065151,1.308093094,13
138,866948.6315,1133051.368,2.267561824,1.21076337,13
139,978890.3906,1021109.609,2.439929462,1.096232516,13
140,1077687.491,922312.5085,2.419055613,1.106922046,13
141,1166862.11,833137.8902,2.592753073,1.18713165,13
142,1255750.833,744249.1669,2.886417012,1.20677,13
143,1255750.833,744249.1669,2.886417012,1.20677,14
144,1327496.75,672503.2501,2.265832189,1.10522169,14
145,1378500.482,621499.5184,2.309772197,1.325194542,14
146,1420054.272,579945.7279,2.294318015,1.409816522,14
147,1460407.065,539592.9354,2.230191962,1.342399316,14
148,1488891.455,511108.5449,2.083722962,1.422661066,14
149,1488891.455,511108.5449,2.083722962,1.422661066,13
150,1519163.203,480836.7967,2.222956364,1.398087674,13
151,1548643.296,451356.7035,2.031951508,1.256507794,13
152,1570828.903,429171.097,1.735951397,1.183943512,13
153,1570828.903,429171.097,1.735951397,1.183943512,14
154,1590525.15,409474.8503,1.747753731,1.255501961,14
155,1602563.344,397436.6561,1.519820651,1.230993912,14
156,1609017.273,390982.7271,1.511889529,1.346135441,14
157,1609017.273,390982.7271,1.372510742,1.376268685,14
158,1569314.329,430685.671,1.251109214,1.492930401,14
159,1447426.296,552573.704,1.072788023,1.896421372,14
160,1340632.63,659367.37,1.065164821,1.827364532,14
161,1257843.401,742156.5994,1.313552003,2.05690438,14
162,1257843.401,742156.5994,1.313552003,2.05690438,13
163,1188449.715,811550.2851,1.387883502,2.13550234,13
164,1100555.453,899444.5469,1.346128915,2.416373887,13
165,1100555.453,899444.5469,1.346128915,2.416373887,12
166,1036060.265,963939.7351,1.379242742,2.270400402,12
167,973269.0552,1026730.945,1.357786148,2.275202935,12
168,910267.9591,1089732.041,1.30098898,2.261969882,12
169,868668.948,1131331.052,1.507119354,2.216073286,12
170,841132.1366,1158867.863,1.618222446,2.110758824,12
171,820009.1011,1179990.899,1.686342212,2.080488017,12
172,794540.0829,1205459.917,1.76138892,2.2850569,12
173,779427.3329,1220572.667,1.751952193,2.053550184,12
174,779427.3329,1220572.667,1.7847948,1.954164866,12
175,779427.3329,1220572.667,1.7847948,1.954164866,11
176,769173.9296,1230826.07,1.763751337,1.988095528,11
177,769173.9296,1230826.07,1.763751337,1.988095528,10
178,769173.9296,1230826.07,1.701471144,1.656535817,10
179,793266.6239,1206733.376,1.803048517,1.481575618,10
180,819207.3331,1180792.667,1.829764301,1.474600635,10
181,819207.3331,1180792.667,1.829764301,1.474600635,9
182,856131.0301,1143868.97,2.074482402,1.460391152,9
183,904116.46,1095883.54,2.095839263,1.303582942,9
184,943085.9392,1056914.061,1.871776268,1.254220459,9
185,959753.2991,1040246.701,1.609477204,1.350180982,9
186,973438.102,1026561.898,1.651040157,1.426143447,9
187,995472.7542,1004527.246,1.756002347,1.381824917,9
188,1029497.741,970502.2585,1.940421904,1.325798333,9
189,1054296.156,945703.8445,1.931397908,1.451214559,9
190,1094957.957,905042.0435,1.918336956,1.178580751,9
191,1142393.261,857606.7393,2.194076658,1.20448578,9
192,1172987.18,827012.8201,1.933005032,1.293545708,9
193,1188024.38,811975.62,1.703234271,1.390702832,9
194,1205337.825,794662.1752,1.906435302,1.502603983,9
195,1216408.96,783591.0401,1.796723579,1.538573851,9
196,1231404.572,768595.4281,1.855551584,1.498915142,9
197,1231404.572,768595.4281,1.855551584,1.498915142,10
198,1256599.572,743400.428,1.997953462,1.435242735,10
199,1277501.879,722498.1207,1.992864952,1.501593718,10
200,1295021.741,704978.259,2.027753817,1.589214388,10
201,1306314.025,693685.9752,1.981252801,1.687429539,10
202,1321124.427,678875.5732,2.146285362,1.732246335,10
203,1337702.465,662297.5352,2.09463801,1.638789373,10
204,1337702.465,662297.5352,1.95970582,1.982490857,10
205,1346147.18,653852.8201,2.114718047,1.861238182,10
206,1346147.18,653852.8201,2.114718047,1.861238182,11
207,1353511.185,646488.8153,2.222356554,2.005899066,11
208,1353511.185,646488.8153,2.399013563,2.189610873,11
209,1353511.185,646488.8153,2.450418517,2.43892827,11
210,1353511.185,646488.8153,2.309521726,2.323624058,11
211,1353511.185,646488.8153,2.329942538,2.322792202,11
212,1360973.104,639026.896,2.237999326,2.014873789,11
213,1360973.104,639026.896,2.186593592,2.244803978,11
214,1360973.104,639026.896,2.186593592,2.244803978,12
215,1360973.104,639026.896,2.315339686,2.388639086,12
216,1360973.104,639026.896,2.315339686,2.388639086,13
217,1320434.495,679565.505,1.987962941,2.502393513,13
218,1320434.495,679565.505,1.987962941,2.502393513,14
219,1283754.265,716245.7347,2.028859161,2.475764642,14
220,1232042.654,767957.3455,1.940388024,2.592501666,14
221,1176770.097,823229.9025,1.969924056,2.721618708,14
222,1080409.615,919590.3848,1.656178409,3.02525685,14
223,975460.6161,1024539.384,1.595756079,3.291121308,14
224,878232.7791,1121767.221,1.612286855,3.394642189,14
225,878232.7791,1121767.221,1.612286855,3.394642189,13
226,821225.3628,1178774.637,1.925700521,3.207171609,13
227,821225.3628,1178774.637,1.925700521,3.207171609,12
228,771806.205,1228193.795,1.899374386,3.170619045,12
229,730853.2051,1269146.795,1.951452718,3.059264917,12
230,689240.7208,1310759.279,1.935908418,3.140132694,12
231,650256.5839,1349743.416,2.075366416,3.355189905,12
232,615167.2782,1384832.722,2.008467028,3.173621834,12
233,575053.3455,1424946.654,1.803314019,3.148809492,12
234,526732.7232,1473267.277,1.604684261,3.333694342,12
235,466149.6245,1533850.375,1.314109652,3.732748665,12
236,416589.4869,1583410.513,1.396378089,3.617475176,12
237,369875.8974,1630124.103,1.211029881,3.335069543,12
238,327377.5075,1672622.493,1.256618654,3.564903193,12
239,289683.1808,1710316.819,1.148609934,3.267006386,12
240,259272.6866,1740727.313,1.175145522,3.002483098,12
241,235552.5074,1764447.493,1.370558104,3.059152298,12
242,214887.8914,1785112.109,1.430941499,3.079757614,12
243,214887.8914,1785112.109,1.430941499,3.079757614,13
244,214887.8914,1785112.109,1.430941499,3.079757614,14
245,197980.8827,1802019.117,1.596200463,2.843818431,14
246,193266.2293,1806733.771,1.855755193,2.200756907,14
247,187420.3342,1812579.666,1.8327131,2.276638871,14
248,183636.3573,1816363.643,1.886726117,2.179960172,14
249,183636.3573,1816363.643,1.886726117,2.179960172,13
250,183636.3573,1816363.643,1.886726117,2.179960172,12
251,183636.3573,1816363.643,1.886726117,2.179960172,11
252,180417.2693,1819582.731,1.823225514,2.13893179,11
253,180417.2693,1819582.731,1.995191813,2.124927563,11
254,180417.2693,1819582.731,1.995191813,2.124927563,10
255,180417.2693,1819582.731,2.044333492,1.963473423,10
256,240098.0497,1759901.95,2.32823434,1.672182785,10
257,240098.0497,1759901.95,2.32823434,1.672182785,9
258,322789.988,1677210.012,2.884315515,1.690197911,9
259,373022.1665,1626977.834,2.75428558,1.968474814,9
260,423465.7351,1576534.265,3.069652737,2.167558775,9
261,473621.8996,1526378.1,3.171416166,2.218731711,9
262,522013.1823,1477986.818,3.059109792,2.142884325,9
263,579170.2344,1420829.766,3.274438587,2.116268179,9
264,652887.4735,1347112.527,3.743987664,2.068573912,9
265,652887.4735,1347112.527,3.743987664,2.068573912,10
266,722456.3329,1277543.667,4.006822531,2.362237432,10
267,783847.1296,1216152.87,4.099241878,2.511005223,10
268,829717.2861,1170282.714,3.715004757,2.536122579,10
269,871615.0818,1128384.918,3.885405215,2.705572967,10
270,918170.5717,1081829.428,4.280671293,2.816564188,10
271,981945.1337,1018054.866,5.21474525,2.840449807,10
272,1047604.866,952395.1336,5.521855332,2.828925598,10
273,1094305.356,905694.6438,4.845020102,2.937057602,10
274,1094305.356,905694.6438,4.845020102,2.937057602,11
275,1136114.82,863885.1799,4.674770416,3.05320075,11
276,1185243.675,814756.3247,5.197849992,3.062549535,11
277,1214846.533,785153.4673,4.757675742,3.408944084,11
278,1237682.877,762317.1233,4.604371695,3.529084499,11
279,1260529.081,739470.9189,4.66652255,3.547561784,11
280,1279104.971,720895.0287,4.228880692,3.362109829,11
281,1279104.971,720895.0287,4.228880692,3.362109829,10
282,1295850.322,704149.6775,4.425702043,3.504648991,10
283,1306351.629,693648.3705,3.628078291,3.124552867,10
284,1306351.629,693648.3705,3.675143444,3.348214152,10
285,1306351.629,693648.3705,3.675143444,3.348214152,11
286,1306351.629,693648.3705,3.68756502,3.451643233,11
287,1306351.629,693648.3705,3.78412495,3.479305427,11
288,1318923.177,681076.8227,4.152001569,3.519976838,11
289,1301080.929,698919.0708,3.400777221,3.846409721,11
290,1269126.402,730873.5984,3.16526064,3.960786086,11
291,1227561.606,772438.3941,2.904269014,3.920207559,11
292,1165642.785,834357.2154,2.490211886,3.971786588,11
293,1109499.039,890500.9614,2.509454339,3.916262211,11
294,1038139.872,961860.1284,2.22538547,4.064105809,11
295,950773.5177,1049226.482,2.008987215,4.49817158,11
296,859395.6435,1140604.356,1.828109808,4.66443762,11
297,859395.6435,1140604.356,1.828109808,4.66443762,12
298,859395.6435,1140604.356,1.828109808,4.66443762,13
299,752957.0392,1247042.961,1.810814758,5.105405753,13
300,666352.2205,1333647.78,2.042786716,5.284059566,13
301,590490.9739,1409509.026,2.116992836,5.415014609,13
302,526576.8571,1473423.143,2.353149415,5.70977326,13
303,481551.4184,1518448.582,2.759553273,5.464036332,13
304,443859.7211,1556140.279,2.808042525,5.226917341,13
305,410344.9107,1589655.089,2.851216141,5.185065578,13
306,374109.5819,1625890.418,2.712012024,5.50163822,13
307,374109.5819,1625890.418,2.712012024,5.50163822,12
308,354113.7459,1645886.254,2.846266164,4.477247494,12
309,333684.9894,1666315.011,2.808968112,4.586694913,12
310,310720.0431,1689279.957,2.819098442,5.085942493,12
311,297363.3788,1702636.621,3.209195382,4.609614983,12
312,287292.0491,1712707.951,3.283222812,4.362134442,12
313,279318.219,1720681.781,3.566798342,4.499654607,12
314,279318.219,1720681.781,3.885080628,4.178634941,12
315,279318.219,1720681.781,4.165737118,3.987515513,12
316,299991.0561,1700008.944,4.095895459,3.705366587,12
317,299991.0561,1700008.944,4.095895459,3.705366587,13
318,341629.7772,1658370.223,3.866726826,3.200920808,13
319,341629.7772,1658370.223,3.866726826,3.200920808,12
320,363314.5948,1636685.405,4.227279248,3.790447407,12
321,385926.7498,1614073.25,4.243246361,3.781305589,12
322,435688.4222,1564311.578,4.49629254,3.472623148,12
323,435688.4222,1564311.578,3.721696729,3.689273353,12
324,477591.6991,1522408.301,4.120733204,3.293239895,12
325,568468.6193,1431531.381,4.953767967,2.98038351,12
326,676154.2088,1323845.791,5.293348459,2.766973248,12
327,796850.5643,1203149.436,5.159702831,2.318781993,12
328,904560.7643,1095439.236,4.923615446,2.248361992,12
329,1008175.159,991824.841,4.987139602,2.167431442,12
330,1080291.8,919708.2003,4.70722854,2.518194385,12
331,1137424.479,862575.5206,4.331199387,2.550081777,12
332,1187779.758,812220.2423,4.030483586,2.453349973,12
333,1220726.849,779273.1512,3.750498242,2.665997323,12
334,1233814.788,766185.2118,3.372993874,2.931788854,12
335,1233814.788,766185.2118,3.378317921,3.129463108,12
336,1233814.788,766185.2118,3.378317921,3.129463108,13
337,1233814.788,766185.2118,3.383762587,3.418328297,13
338,1233814.788,766185.2118,3.383762587,3.418328297,12
339,1217753.694,782246.3064,2.963108865,3.302976852,12
340,1190435.638,809564.3622,2.940373939,3.546733427,12
341,1137933.808,862066.1924,2.871626631,4.164627432,12
342,1137933.808,862066.1924,2.871626631,4.164627432,13
343,1067677.998,932322.0016,2.696580682,4.376054048,13
344,979097.8697,1020902.13,2.455764527,4.757493101,13
345,895947.1876,1104052.812,2.537115532,4.998547469,13
346,837221.6584,1162778.342,2.711204938,4.538966031,13
347,799743.2964,1200256.704,2.831603989,4.009454262,13
348,765554.8188,1234445.181,2.895283729,4.034717597,13
349,742022.1259,1257977.874,3.232993915,4.099957353,13
350,725923.3434,1274076.657,3.253709144,3.846161255,13
351,709885.028,1290114.972,3.113060811,3.691262828,13
352,689118.0041,1310881.996,3.058640332,3.83419175,13
353,671572.4011,1328427.599,3.436737509,4.182904289,13
354,646644.1389,1353355.861,3.103152987,4.136770312,13
355,623014.6956,1376985.304,3.0785064,4.085349069,13
356,623014.6956,1376985.304,3.0785064,4.085349069,14
357,602712.1453,1397287.855,3.007449212,3.799693525,14
358,602712.1453,1397287.855,2.832239421,3.125437115,14
359,602712.1453,1397287.855,2.832239421,3.125437115,15
360,656628.8506,1343371.149,3.15619673,2.436811281,15
361,739031.2422,1260968.758,3.245639652,2.143699392,15
362,824731.4423,1175268.558,3.405761682,2.147657252,15
363,824731.4423,1175268.558,3.405761682,2.147657252,15
364,824731.4423,1175268.558,3.405761682,2.147657252,15
365,904006.5095,1095993.49,3.62927462,2.296834024,15
366,904006.5095,1095993.49,3.62927462,2.296834024,15
367,993125.0494,1006874.951,3.581948146,2.054284499,15
368,1112732.887,887267.1132,4.146903157,1.794344336,15
369,1112732.887,887267.1132,4.146903157,1.794344336,14
370,1206326.352,793673.6484,4.080652584,1.847372691,14
371,1279631.882,720368.1181,3.751076576,1.890211049,14
372,1347917.777,652082.2228,4.087354537,2.019798477,14
373,1405167.923,594832.0765,4.006751739,2.093862671,14
374,1452759.195,547240.8052,3.5623005,1.978934079,14
375,1452759.195,547240.8052,3.5623005,1.978934079,13
376,1493452.441,506547.5592,3.622526359,2.011249767,13
377,1493452.441,506547.5592,3.622526359,2.011249767,12
378,1533328.241,466671.7591,3.269541534,1.654455325,12
379,1564095.511,435904.4885,2.961905856,1.685297032,12
380,1593333.994,406666.0057,2.822378592,1.589376871,12
381,1618829.626,381170.3741,2.869954111,1.681099785,12
382,1618829.626,381170.3741,2.869954111,1.681099785,13
383,1640789.635,359210.3652,2.688412455,1.713103326,13
384,1640789.635,359210.3652,2.688412455,1.713103326,14
385,1666808.225,333191.7749,2.539906516,1.495892362,14
386,1685383.65,314616.3499,2.55946057,1.709483974,14
387,1700124.854,299875.1461,2.537150214,1.809750176,14
388,1705157.142,294842.8579,2.230664881,1.978402286,14
389,1709869.107,290130.8925,2.27399927,2.028433654,14
390,1709869.107,290130.8925,1.917919619,1.980169554,14
391,1675068.523,324931.4767,1.784337813,2.064072975,14
392,1675068.523,324931.4767,1.99706893,2.109788038,14
393,1675068.523,324931.4767,1.99706893,2.109788038,15
394,1594983.557,405016.4428,1.794294947,2.474616648,15
395,1544825.713,455174.2868,2.032257883,2.508208458,15
396,1544825.713,455174.2868,2.032257883,2.508208458,15
397,1493974.33,506025.6702,2.166739853,2.700829523,15
398,1421630.029,578369.9707,1.971213505,2.730063161,15
399,1386706.885,613293.1153,2.165245087,2.551474707,15
400,1323446.929,676553.0707,2.093022855,2.843717343,15
401,1259370.678,740629.3216,1.985275038,2.749389714,15
402,1259370.678,740629.3216,1.985275038,2.749389714,15
403,1167919.048,832080.952,1.889804905,3.096858945,15
404,1071570.941,928429.0588,1.746182285,3.070773409,15
405,1000363.934,999636.0661,1.898281172,2.978506635,15
406,954192.3224,1045807.678,2.094459346,2.856099807,15
407,954192.3224,1045807.678,2.094459346,2.856099807,15
408,954192.3224,1045807.678,2.094459346,2.856099807,14
409,954192.3224,1045807.678,2.119176163,2.275406039,14
410,954192.3224,1045807.678,2.142032373,2.28131646,14
411,954192.3224,1045807.678,2.093815098,2.267948035,14
412,954192.3224,1045807.678,2.226432903,2.398656179,14
413,939052.9668,1060947.033,2.034755141,2.279204866,14
414,939052.9668,1060947.033,1.886396905,1.982021275,14
415,964633.4819,1035366.518,2.091368332,1.759745863,14
416,983067.8524,1016932.148,2.206030101,1.942248739,14
417,983067.8524,1016932.148,2.166134047,2.030308759,14
418,964289.4242,1035710.576,1.959764432,2.246735844,14
419,964289.4242,1035710.576,2.191738906,2.108942975,14
420,964289.4242,1035710.576,2.331485517,2.132051115,14
421,964289.4242,1035710.576,2.331485517,2.132051115,15
422,986405.9516,1013594.048,2.264382755,1.963446371,15
423,1030199.868,969800.132,2.413105374,1.805529628,15
424,1030199.868,969800.132,2.097358732,1.950578304,15
425,1067027.391,932972.6086,2.286481983,1.77266989,15
426,1084196.778,915803.2215,2.18325038,1.930877639,15
427,1084196.778,915803.2215,2.012725243,2.057434353,15
428,1084196.778,915803.2215,2.012725243,2.057434353,15
429,1056443.772,943556.228,1.945408371,2.308365261,15
430,1016379.522,983620.478,1.884814219,2.430297465,15
431,976294.6553,1023705.345,2.004121166,2.610814034,15
432,921112.8874,1078887.113,2.098157446,3.072299715,15
433,921112.8874,1078887.113,2.098157446,3.072299715,14
434,874685.2329,1125314.767,2.042013136,2.938590665,14
435,838256.0847,1161743.915,2.024568669,2.73209314,14
436,838256.0847,1161743.915,2.024568669,2.73209314,13
437,819200.7678,1180799.232,2.209118225,2.632419348,13
438,803093.618,1196906.382,2.246022433,2.613516254,13
439,787623.1268,1212376.873,2.24429956,2.603475324,13
440,787623.1268,1212376.873,2.246149309,2.034665804,13
441,787623.1268,1212376.873,2.246149309,2.034665804,14
442,814194.4018,1185805.598,2.374301065,2.029591426,14
443,814194.4018,1185805.598,2.258955119,2.189975839,14
444,814194.4018,1185805.598,2.449970386,2.455710748,14
445,814194.4018,1185805.598,2.642869,2.774574176,14
446,814194.4018,1185805.598,2.41399847,2.557988538,14
447,814194.4018,1185805.598,2.710710466,2.88418145,14
448,814194.4018,1185805.598,2.886103024,2.670286588,14
449,814194.4018,1185805.598,2.795192436,2.666600314,14
450,814194.4018,1185805.598,2.614027962,2.594438732,14
451,814194.4018,1185805.598,2.614027962,2.594438732,15
452,814194.4018,1185805.598,2.614027962,2.594438732,15
453,794129.4917,1205870.508,2.656442384,3.131936088,15
454,794129.4917,1205870.508,2.94374807,2.671070581,15
455,851786.0399,1148213.96,3.033094258,2.199186938,15
456,900834.0503,1099165.95,3.260785477,2.447926101,15
457,987670.9506,1012329.049,3.403309948,1.984479739,15
458,1069635.646,930364.3544,3.199160726,1.839331267,15
459,1162364.018,837635.9823,3.602404129,1.805678891,15
460,1258584.851,741415.1486,3.856519557,1.720893024,15
461,1344334.707,655665.2928,3.891386418,1.72582157,15
462,1409406.865,590593.1352,3.536525291,1.778281057,15
463,1450873.371,549126.6286,3.363801429,2.08789348,15
464,1481242.795,518757.2052,3.194064307,2.199720827,15
465,1516164.193,483835.8068,3.135160548,1.986013156,15
466,1542562.468,457437.5317,2.877257308,1.991742121,15
467,1570994.46,429005.5402,2.962181685,1.945411532,15
468,1594174.134,405825.8662,2.718644797,1.888821967,15
469,1594174.134,405825.8662,2.20715399,2.199596293,15
470,1594174.134,405825.8662,2.20715399,2.199596293,15
471,1594174.134,405825.8662,2.360811404,2.38142121,15
472,1594174.134,405825.8662,2.360811404,2.38142121,14
473,1594174.134,405825.8662,2.360811404,2.38142121,15
474,1507119.207,492880.7935,2.117087901,3.059338408,15
475,1385657.082,614342.9183,2.025202264,3.51298564,15
476,1285396.173,714603.8268,2.221486602,3.633678694,15
477,1200228.522,799771.4782,2.43111019,3.809383566,15
478,1153225.374,846774.626,2.968794605,3.860254905,15
479,1153225.374,846774.626,2.968794605,3.860254905,15
480,1061004.976,938995.0236,2.774609604,4.791385248,15
481,1061004.976,938995.0236,2.774609604,4.791385248,15
482,971727.9512,1028272.049,3.181596328,5.66206017,15
483,971727.9512,1028272.049,3.181596328,5.66206017,14
484,971727.9512,1028272.049,3.181596328,5.66206017,13
485,901812.2753,1098187.725,2.973203633,5.248357752,13
486,859236.7278,1140763.272,3.085505792,4.454657229,13
487,812024.8533,1187975.147,3.236571779,4.971118602,13
488,755731.593,1244268.407,3.097608099,5.350024992,13
489,713674.5947,1286325.405,3.263280211,5.040666885,13
490,682286.1276,1317713.872,3.126824226,4.400070323,13
491,655859.3326,1344140.667,3.203121845,4.324531282,13
492,655859.3326,1344140.667,3.203121845,4.324531282,14
493,629200.6039,1370799.396,3.104284855,4.158626734,14
494,603110.3434,1396889.657,3.292095972,4.436662343,14
495,577482.911,1422517.089,3.21911093,4.370961708,14
496,577482.911,1422517.089,3.21911093,4.370961708,13
497,557035.79,1442964.21,3.226797165,4.2442144,13
498,536773.3558,1463226.644,3.275032353,4.340486225,13
499,536773.3558,1463226.644,3.733638381,3.966345687,13
500,536773.3558,1463226.644,3.667600517,3.901648891,13
501,536773.3558,1463226.644,4.198420848,4.400748617,13
502,524974.9212,1475025.079,3.752376619,4.445414438,13
503,513930.1547,1486069.845,3.822194083,4.495221975,13
504,487338.262,1512661.738,3.122838489,4.67459457,13
505,487338.262,1512661.738,3.122838489,4.67459457,12
506,459463.1192,1540536.881,2.724817479,4.430015651,12
507,431886.6563,1568113.344,2.559634946,4.266774346,12
508,431886.6563,1568113.344,2.559634946,4.266774346,11
509,402540.6304,1597459.37,2.216335002,4.197196175,11
510,376110.3823,1623889.618,2.286441764,4.231798173,11
511,357059.9833,1642940.017,2.361137989,3.773537956,11
512,341658.2503,1658341.75,2.228610294,3.315662249,11
513,330395.8221,1669604.178,2.187985888,2.959225744,11
514,330395.8221,1669604.178,2.187985888,2.959225744,10
515,323466.8871,1676533.113,2.360724127,2.913800736,10
516,312174.2494,1687825.751,2.309297343,3.285990114,10
517,303033.9251,1696966.075,2.377904001,3.193553021,10
518,297849.139,1702150.861,2.421746677,2.874860558,10
519,297849.139,1702150.861,2.421746677,2.874860558,9
520,297849.139,1702150.861,2.572500571,2.349785143,9
521,353489.7239,1646510.276,2.822868526,1.955166753,9
522,412935.2006,1587064.799,2.904803405,1.934207482,9
523,465372.0572,1534627.943,3.026892066,2.088017737,9
524,465372.0572,1534627.943,3.026892066,2.088017737,10
525,551236.1635,1448763.836,3.329513658,1.873845556,10
526,640016.5854,1359983.415,3.395991693,1.803013409,10
527,743865.2023,1256134.798,3.727558012,1.667658664,10
528,845969.5448,1154030.455,4.254862141,1.795754223,10
529,935806.6794,1064193.321,4.200672424,1.846801556,10
530,935806.6794,1064193.321,4.200672424,1.846801556,11
531,1050600.064,949399.9358,4.964938222,1.698007486,11
532,1050600.064,949399.9358,4.964938222,1.698007486,12
533,1148488.353,851511.647,4.496632732,1.794097526,12
534,1242791.126,757208.8738,4.632642549,1.707156081,12
535,1327879.054,672120.9459,4.727137331,1.712181567,12
536,1410986.238,589013.7618,5.127194235,1.640464177,12
537,1474826.651,525173.3494,4.099665767,1.54879233,12
538,1526531.32,473468.6801,3.97083616,1.6606806,12
539,1567761.677,432238.3234,3.932732776,1.838647774,12
540,1614447.24,385552.7596,4.324374791,1.640128427,12
541,1614447.24,385552.7596,4.324374791,1.640128427,13
542,1649324.414,350675.5864,3.906110036,1.889633153,13
543,1676944.575,323055.4247,3.625094201,1.939417164,13
544,1702760.646,297239.3535,3.436836379,1.820859266,13
545,1718093.928,281906.0716,2.977299514,1.991465261,13
546,1724853.216,275146.7842,2.727401554,2.266835149,13
547,1724853.216,275146.7842,2.727401554,2.266835149,14
548,1734991.768,265008.2324,2.679630436,2.056375548,14
549,1746398.587,253601.4127,2.76912904,2.031194718,14
550,1758329.65,241670.3501,2.700460747,1.923523766,14
551,1758329.65,241670.3501,2.700460747,1.923523766,15
552,1762988.691,237011.3094,2.362175237,2.07691215,15
553,1771680.711,228319.2895,2.442479038,1.910366333,15
554,1776263.837,223736.1633,2.216242866,1.938260606,15
555,1780108.451,219891.5495,2.22866559,1.987185915,15
556,1780108.451,219891.5495,2.22866559,1.987185915,14
557,1786984.701,213015.2987,2.127310231,1.699880045,14
558,1792125.373,207874.6268,2.034494471,1.711621095,14
559,1802568.914,197431.0865,2.037144869,1.41731998,14
560,1816106.891,183893.1089,2.23734365,1.357085341,14
561,1816106.891,183893.1089,2.23734365,1.357085341,15
562,1830042.359,169957.6407,2.27868068,1.359638153,15
563,1844249.179,155750.8209,2.456078953,1.385642683,15
564,1856100.609,143899.3914,2.478323592,1.47547811,15
565,1860478.072,139521.928,2.188047977,1.785160587,15
566,1863682.796,136317.2037,2.131115654,1.827989122,15
567,1863682.796,136317.2037,1.852212457,1.786671406,15
568,1863682.796,136317.2037,1.832938167,1.688415995,15
569,1867818.807,132181.1925,1.90987773,1.559041843,15
570,1867818.807,132181.1925,1.804860496,1.687140614,15
571,1867818.807,132181.1925,1.83476483,1.669977197,15
572,1828074.208,171925.7919,1.574046415,1.814383407,15
573,1757109.647,242890.3534,1.348328181,1.749132347,15
574,1699151.336,300848.6638,1.256344013,1.566742653,15
575,1640349.463,359650.5374,1.222749376,1.54163611,15
576,1585358.721,414641.2794,1.278270405,1.599893701,15
577,1534182.787,465817.2135,1.202093307,1.491978584,15
578,1479165.045,520834.9553,1.29534526,1.647075011,15
579,1479165.045,520834.9553,1.520706852,1.554787455,15
580,1422102.969,577897.0314,1.294573286,1.676644345,15
581,1372612.149,627387.8513,1.207256106,1.524104403,15
582,1350855.214,649144.7857,1.334163585,1.483011388,15
583,1292157.811,707842.1886,1.259186294,1.685727984,15
584,1225206.037,774793.9627,1.298145631,1.840174654,15
585,1136257.186,863742.8142,1.190030193,1.949878686,15
586,1074720.949,925279.0506,1.358718545,1.957344953,15
587,1026560.58,973439.4204,1.447800079,1.956278355,15
588,1026560.58,973439.4204,1.447800079,1.956278355,14
589,968592.9804,1031407.02,1.397475857,2.103524972,14
590,910309.058,1089690.942,1.216690665,1.882788738,14
591,877967.9766,1122032.023,1.294648314,1.670933926,14
592,863255.1035,1136744.896,1.365857031,1.53975666,14
593,863255.1035,1136744.896,1.570787876,1.684639743,14
594,847883.4825,1152116.517,1.376431,1.563388618,14
595,847883.4825,1152116.517,1.423936327,1.49190797,14
596,847883.4825,1152116.517,1.423936327,1.49190797,15
597,847883.4825,1152116.517,1.542610589,1.509617595,15
598,847883.4825,1152116.517,1.516933309,1.444546717,15
599,877774.3254,1122225.675,1.58301353,1.331006296,15
600,924223.7208,1075776.279,1.557825281,1.180081542,15
601,973668.5101,1026331.49,1.749213848,1.284438465,15
602,1037682.943,962317.0572,1.795091249,1.177143094,15
603,1037682.943,962317.0572,1.795091249,1.177143094,14
604,1081243.267,918756.7333,1.689758417,1.219443502,14
605,1081243.267,918756.7333,1.47685445,1.34786415,14
606,1096400.404,903599.5957,1.445638694,1.284764841,14
607,1096400.404,903599.5957,1.477260426,1.395271625,14
608,1115884.063,884115.9367,1.625922535,1.393409485,14
609,1145782.248,854217.7521,1.663815476,1.30522873,14
610,1165398.053,834601.9465,1.790611611,1.519168591,14
611,1165398.053,834601.9465,1.790611611,1.519168591,15
612,1165398.053,834601.9465,1.530383767,1.534533245,15
613,1184400.248,815599.7519,1.629955965,1.400002584,15
614,1211858.462,788141.5384,1.763357434,1.407518704,15
615,1211858.462,788141.5384,1.763357434,1.407518704,14
616,1211858.462,788141.5384,1.763357434,1.407518704,15
617,1211858.462,788141.5384,1.663819739,1.570803217,15
618,1211858.462,788141.5384,1.52553375,1.48316831,15
619,1211858.462,788141.5384,1.654489725,1.505329483,15
620,1211858.462,788141.5384,1.516953865,1.50614102,15
621,1211858.462,788141.5384,1.474436553,1.578701467,15
622,1211858.462,788141.5384,1.72359861,1.576988651,15
623,1211858.462,788141.5384,1.740773591,1.679106715,15
624,1211858.462,788141.5384,1.740773591,1.679106715,14
625,1211858.462,788141.5384,1.804640508,1.809054056,14
626,1211858.462,788141.5384,1.702271804,1.751585364,14
627,1211858.462,788141.5384,1.637437006,1.650283198,14
628,1211858.462,788141.5384,1.590811378,1.558337391,14
629,1191115.393,808884.6068,1.329884868,1.503066653,14
630,1161336.002,838663.9985,1.313279236,1.570799277,14
631,1125394.928,874605.072,1.352779111,1.688980944,14
632,1076868.029,923131.9714,1.311795799,1.789374791,14
633,1039002.904,960997.0956,1.505399348,1.937793965,14
634,1002611.616,997388.3843,1.499077113,1.927737388,14
635,959636.6142,1040363.386,1.388138767,1.889957461,14
636,959636.6142,1040363.386,1.54883413,1.633679043,14
637,959636.6142,1040363.386,1.633625221,1.665766506,14
638,959636.6142,1040363.386,1.661315601,1.671177579,14
639,959636.6142,1040363.386,1.603118209,1.641482991,14
640,933161.0015,1066838.999,1.56449646,1.906504148,14
641,933161.0015,1066838.999,1.672405672,1.592884548,14
642,933161.0015,1066838.999,1.758205241,1.82011478,14
643,955407.8982,1044592.102,1.923234321,1.656623197,14
644,984763.8118,1015236.188,2.179876093,1.782213181,14
645,984763.8118,1015236.188,2.179876093,1.782213181,13
646,1001573.047,998426.9529,2.130437731,1.875346752,13
647,1001573.047,998426.9529,2.130437731,1.875346752,14
648,1038080.432,961919.568,2.524054772,1.940971699,14
649,1038080.432,961919.568,2.524054772,1.940971699,13
650,1038080.432,961919.568,2.225391354,2.064157768,13
651,1019382.038,980617.962,1.859383743,2.136192193,13
652,1004438.771,995561.2293,1.796312418,2.010972147,13
653,1004438.771,995561.2293,1.835882548,1.951628085,13
654,987505.2015,1012494.799,1.599788018,1.821637698,13
655,969388.1085,1030611.891,1.510199868,1.739508363,13
656,969388.1085,1030611.891,1.53789194,1.65471899,13
657,946263.271,1053736.729,1.479966682,1.778975737,13
658,914430.296,1085569.704,1.373683167,1.781987047,13
659,914430.296,1085569.704,1.373683167,1.781987047,14
660,869155.4805,1130844.52,1.249473484,1.786275158,14
661,869155.4805,1130844.52,1.249473484,1.786275158,13
662,829647.3919,1170352.608,1.272484987,1.811690432,13
663,798125.7467,1201874.253,1.353343023,1.816564352,13
664,779653.5263,1220346.474,1.344796458,1.607611887,13
665,779653.5263,1220346.474,1.603739483,1.662120861,13
666,779653.5263,1220346.474,1.712609413,1.764735171,13
667,767012.8469,1232987.153,1.538999561,1.743703912,13
668,767012.8469,1232987.153,1.526526763,1.432860063,13
669,767012.8469,1232987.153,1.460109469,1.39491486,13
670,813919.1036,1186080.896,1.878483579,1.398936754,13
671,858238.1331,1141761.867,1.82602853,1.36712409,13
672,922713.8563,1077286.144,1.907563699,1.226799563,13
673,994532.6525,1005467.348,1.939862767,1.148084503,13
674,994532.6525,1005467.348,1.939862767,1.148084503,12
675,994532.6525,1005467.348,1.939862767,1.148084503,13
676,1077413.204,922586.7956,1.966827571,1.019916283,13
677,1077413.204,922586.7956,1.966827571,1.019916283,14
678,1147124.483,852875.5167,1.920098187,1.104012935,14
679,1193723.566,806276.4339,1.943757006,1.309027139,14
680,1234272.969,765727.0308,2.16348909,1.504638548,14
681,1256803.729,743196.271,2.200144351,1.781708372,14
682,1282336.574,717663.426,2.294373102,1.792875656,14
683,1303369.508,696630.4919,2.197438176,1.781014675,14
684,1303369.508,696630.4919,1.906986368,1.946801629,14
685,1303369.508,696630.4919,1.914573312,1.979891367,14
686,1303369.508,696630.4919,2.195654422,2.281424369,14
687,1303369.508,696630.4919,2.470176951,2.437033643,14
688,1303369.508,696630.4919,2.268825282,2.354572138,14
689,1303369.508,696630.4919,2.666493596,2.656280989,14
690,1303369.508,696630.4919,2.614593086,2.574600339,14
691,1269576.434,730423.5664,2.126169032,2.560109569,14
692,1239019.101,760980.8985,1.997741914,2.373495322,14
693,1210826.432,789173.5679,2.10179626,2.473614093,14
694,1179781.552,820218.4479,1.951209814,2.344571669,14
695,1179781.552,820218.4479,1.951209814,2.344571669,15
696,1122558.871,877441.1289,1.805610868,2.502057048,15
697,1122558.871,877441.1289,1.805610868,2.502057048,14
698,1122558.871,877441.1289,1.805610868,2.502057048,15
699,1071366.631,928633.3691,1.826754463,2.481682349,15
700,1071366.631,928633.3691,1.826754463,2.481682349,14
701,1012593.222,987406.7778,1.815763593,2.700626977,14
702,952343.8083,1047656.192,1.756042539,2.703750376,14
703,952343.8083,1047656.192,1.756042539,2.703750376,13
704,952343.8083,1047656.192,1.756042539,2.703750376,14
705,909199.4481,1090800.552,1.837031952,2.546234156,14
706,909199.4481,1090800.552,1.837031952,2.546234156,15
707,877715.0318,1122284.968,1.87290753,2.361704945,15
708,842657.9444,1157342.056,1.894893112,2.476950273,15
709,818614.4142,1181385.586,1.946087947,2.355181159,15
710,818614.4142,1181385.586,1.983659698,2.076002161,15
711,818614.4142,1181385.586,2.206688284,2.220290403,15
712,818614.4142,1181385.586,2.206688284,2.220290403,15
713,800053.1762,1199946.824,2.044288697,2.378567731,15
714,771609.5828,1228390.417,2.042740771,2.591989153,15
715,771609.5828,1228390.417,2.215341369,2.261578493,15
716,771609.5828,1228390.417,2.405827442,2.205105539,15
717,771609.5828,1228390.417,2.288662984,2.122571777,15
718,771609.5828,1228390.417,2.420581851,2.268187652,15
719,806135.1213,1193864.879,2.584813917,2.141972003,15
720,868228.0239,1131771.976,2.6655659,1.877883369,15
721,922295.5229,1077704.477,2.60665096,1.890515679,15
722,957104.3866,1042895.613,2.508894758,2.021171507,15
723,988911.9646,1011088.035,2.655165767,2.165115239,15
724,1024726.849,975273.1509,2.68096897,2.1147236,15
725,1069498.659,930501.3412,2.676106245,1.965788853,15
726,1136708.212,863291.7884,3.206977474,1.962379081,15
727,1188459.423,811540.5766,3.259694917,2.173939356,15
728,1188459.423,811540.5766,3.259694917,2.173939356,15
729,1230829.337,769170.6625,3.276018644,2.304786688,15
730,1259113.276,740886.7245,3.320158001,2.595104678,15
731,1287494.953,712505.047,3.130955077,2.421898029,15
732,1321757.709,678242.2911,3.056438394,2.211954707,15
733,1345901.508,654098.492,2.906582137,2.289966565,15
734,1359256.26,640743.7403,2.928265001,2.555085787,15
735,1359256.26,640743.7403,2.928265001,2.555085787,14
736,1359256.26,640743.7403,2.81714495,3.035277521,14
737,1359256.26,640743.7403,2.81714495,3.035277521,15
738,1359256.26,640743.7403,3.064924014,3.029057969,15
739,1337355.877,662644.123,2.867158781,3.192609412,15
740,1337355.877,662644.123,2.884206329,3.133279788,15
741,1337355.877,662644.123,2.884206329,3.133279788,15
742,1294573.865,705426.135,2.848301498,3.528254925,15
743,1214953.167,785046.8329,2.558915209,3.878699179,15
744,1111039.802,888960.198,2.28216883,4.102374457,15
745,1038817.121,961182.8787,2.660279252,4.132055601,15
746,962237.374,1037762.626,2.621712097,4.329918064,15
747,962237.374,1037762.626,2.621712097,4.329918064,14
748,913404.631,1086595.369,2.947605547,4.252626043,14
749,884558.415,1115441.585,2.943453703,3.691843758,14
750,845316.7104,1154683.29,3.217243114,4.428654971,14
751,790063.2767,1209936.723,2.849003518,4.584247703,14
752,790063.2767,1209936.723,2.849003518,4.584247703,13
753,738404.5427,1261595.457,2.801724533,4.684342773,13
754,700534.2835,1299465.717,2.719975484,4.056720499,13
755,651404.7,1348595.3,2.56019116,4.451503973,13
756,623915.3948,1376084.605,2.599684949,3.607093882,13
757,598396.4538,1401603.546,2.715738854,3.72968553,13
758,554196.9837,1445803.016,2.341829684,4.200408932,13
759,554196.9837,1445803.016,2.341829684,4.200408932,14
760,509178.5834,1490821.417,2.407762614,4.375751255,14
761,465898.6811,1534101.319,2.327179421,4.35598384,14
762,432169.8636,1567830.136,2.254873975,3.827496404,14
763,403304.2716,1596695.728,2.150874032,3.498495589,14
764,372783.5146,1627216.485,2.164080394,3.767134126,14
765,348172.9354,1651827.065,2.441258319,3.947631172,14
766,330304.1357,1669695.864,2.426119679,3.515093618,14
767,314265.3588,1685734.641,2.272273817,3.225739299,14
768,305491.7209,1694508.279,2.341277317,2.859867261,14
769,305491.7209,1694508.279,2.395204428,2.476291738,14
770,305491.7209,1694508.279,2.343023789,2.580485989,14
771,299240.1503,1700759.85,2.344556841,2.714285218,14
772,299240.1503,1700759.85,2.355635675,2.394114825,14
773,324270.564,1675729.436,2.51315059,2.262153857,14
774,324270.564,1675729.436,2.576484222,2.69524531,14
775,324270.564,1675729.436,2.543981722,2.500195589,14
776,349713.0091,1650286.991,2.657899733,2.384478442,14
777,349713.0091,1650286.991,2.851950296,2.70003519,14
778,349713.0091,1650286.991,2.720019297,2.778175616,14
779,349713.0091,1650286.991,2.554331004,2.669502254,14
780,349713.0091,1650286.991,2.195474007,2.379012755,14
781,375207.6364,1624792.364,2.350326689,2.10453597,14
782,375207.6364,1624792.364,2.267645876,2.244773481,14
783,367095.3911,1632904.609,2.074164873,2.421289106,14
784,367095.3911,1632904.609,2.074164873,2.421289106,13
785,357533.9958,1642466.004,1.81202175,2.215486331,13
786,350037.8698,1649962.13,1.561029606,1.834872411,13
787,350037.8698,1649962.13,1.561029606,1.834872411,14
788,350037.8698,1649962.13,1.610978622,1.731414117,14
789,350037.8698,1649962.13,1.498720082,1.587069121,14
790,342866.4595,1657133.54,1.39933555,1.620280034,14
791,342866.4595,1657133.54,1.595133304,1.688761958,14
792,342866.4595,1657133.54,1.459708408,1.608195415,14
793,342866.4595,1657133.54,1.439323692,1.404162334,14
794,342866.4595,1657133.54,1.552061687,1.554842312,14
795,342866.4595,1657133.54,1.64358537,1.539019688,14
796,390681.2178,1609318.782,1.710798865,1.391144733,14
797,422462.7375,1577537.262,1.848727146,1.605126477,14
798,515882.917,1484117.083,2.033079689,1.323231794,14
799,624644.6697,1375355.33,2.265613352,1.325673441,14
800,757095.4854,1242904.515,2.497441357,1.219157335,14
801,879311.0811,1120688.919,2.465807919,1.184048293,14
802,1014491.58,985508.4202,2.772752713,1.103067614,14
803,1014491.58,985508.4202,2.772752713,1.103067614,13
804,1120180.968,879819.0321,2.705822519,1.125498248,13
805,1197648.084,802351.9156,2.383432959,1.177517999,13
806,1280218.515,719781.4851,2.421589741,1.048209818,13
807,1325532.506,674467.4941,2.042036426,1.245908542,13
808,1352397.998,647602.0017,1.632872825,1.199024489,13
809,1352397.998,647602.0017,1.632872825,1.199024489,12
810,1374699.309,625300.6914,1.77111068,1.326627202,12
811,1405211.327,594788.6729,1.917623077,1.269608956,12
812,1423049.015,576950.9851,1.787150116,1.390123808,12
813,1434360.085,565639.915,1.749088165,1.484912034,12
814,1434360.085,565639.915,1.63490576,1.496612583,12
815,1434360.085,565639.915,1.614230061,1.529274474,12
816,1434360.085,565639.915,1.614230061,1.529274474,13
817,1434360.085,565639.915,1.678189322,1.696996407,13
818,1434360.085,565639.915,1.707364424,1.847652712,13
819,1434360.085,565639.915,1.707364424,1.847652712,12
820,1360032.063,639967.9367,1.339793013,2.077676496,12
821,1276198.279,723801.7211,1.377443348,2.329534925,12
822,1172309.544,827690.4555,1.239922482,2.512795088,12
823,1081439.473,918560.5271,1.333383575,2.60555889,12
824,999211.2683,1000788.732,1.311049288,2.52700789,12
825,927309.6292,1072690.371,1.30025589,2.413841146,12
826,868570.955,1131429.045,1.304159917,2.239414037,12
827,868570.955,1131429.045,1.304159917,2.239414037,13
828,824015.7703,1175984.23,1.542660116,2.301001471,13
829,779580.3932,1220419.607,1.538323931,2.343418071,13
830,779580.3932,1220419.607,1.538323931,2.343418071,12
831,761772.4378,1238227.562,1.620563638,1.961501635,12
832,761772.4378,1238227.562,1.620563638,1.961501635,13
833,743526.0969,1256473.903,1.595478504,1.919274924,13
834,732094.6985,1267905.302,1.674225816,1.884674195,13
835,717817.9401,1282182.06,1.67658269,1.948479736,13
836,717817.9401,1282182.06,1.67658269,1.948479736,12
837,736542.3644,1263457.636,1.850048891,1.637818534,12
838,764754.4038,1235245.596,1.737343195,1.441580959,12
839,804864.4504,1195135.55,1.569962285,1.195767025,12
840,846145.5213,1153854.479,1.644327525,1.230570823,12
841,883930.7433,1116069.257,1.663430739,1.263996081,12
842,927489.2231,1072510.777,1.758377991,1.266479738,12
843,1007230.127,992769.8728,2.062435286,1.086824254,12
844,1069741.576,930258.4244,1.925107838,1.124903086,12
845,1131841.889,868158.1114,2.012397258,1.136524838,12
846,1184827.908,815172.0917,2.100538595,1.248793817,12
847,1184827.908,815172.0917,2.100538595,1.248793817,13
848,1237646.784,762353.216,2.178749762,1.30945274,13
849,1288834.282,711165.7183,2.308753803,1.36104213,13
850,1342863.227,657136.7732,2.469764121,1.352804214,13
851,1371648.915,628351.0853,2.181212174,1.552206963,13
852,1396709.777,603290.223,2.14815449,1.57675937,13
853,1415870.26,584129.7395,2.09996477,1.642775042,13
854,1415870.26,584129.7395,2.09996477,1.642775042,14
855,1415870.26,584129.7395,2.09996477,1.642775042,13
856,1415870.26,584129.7395,2.09996477,1.642775042,14
857,1415870.26,584129.7395,1.749990792,1.79351914,14
858,1415870.26,584129.7395,1.755070918,1.846005011,14
859,1415870.26,584129.7395,1.70429235,1.836183841,14
860,1389856.164,610143.8357,1.69972572,1.938458431,14
861,1389856.164,610143.8357,1.629177988,1.787235755,14
862,1389856.164,610143.8357,1.629177988,1.787235755,15
863,1355173.755,644826.2454,1.615613218,1.908770979,15
864,1355173.755,644826.2454,1.615613218,1.908770979,14
865,1323607.136,676392.8643,1.719834819,2.031948496,14
866,1323607.136,676392.8643,1.675709601,1.850208678,14
867,1250877.837,749122.1635,1.584021545,2.357517628,14
868,1199112.239,800887.7613,1.856821547,2.500880875,14
869,1118868.625,881131.3752,1.658472476,2.700177022,14
870,1023451.452,976548.5484,1.641429851,3.079199546,14
871,1023451.452,976548.5484,1.641429851,3.079199546,15
872,935853.2088,1064146.791,1.585342616,2.851064491,15
873,935853.2088,1064146.791,1.585342616,2.851064491,15
874,921709.268,1078290.732,1.938085041,2.14371838,15
875,888665.3512,1111334.649,1.868094223,2.37517467,15
876,888665.3512,1111334.649,1.868094223,2.37517467,15
877,844835.4753,1155164.525,1.650302103,2.299694967,15
878,806002.3031,1193997.697,1.63312941,2.22413065,15
879,806002.3031,1193997.697,2.039181423,2.187869402,15
880,806002.3031,1193997.697,2.039181423,2.187869402,14
881,806002.3031,1193997.697,2.039181423,2.187869402,13
882,806002.3031,1193997.697,2.116531739,2.034127543,13
883,806002.3031,1193997.697,2.32437076,2.144267821,13
884,806002.3031,1193997.697,2.32437076,2.144267821,14
885,806002.3031,1193997.697,2.32437076,2.144267821,15
886,850734.793,1149265.207,2.361383221,1.837073393,15
887,898934.3295,1101065.67,2.441478047,1.842575405,15
888,952861.0602,1047138.94,2.52431705,1.815770897,15
889,952861.0602,1047138.94,2.52431705,1.815770897,15
890,1009880.116,990119.8843,2.549760568,1.766353678,15
891,1041994.332,958005.6681,2.442210185,1.96565164,15
892,1062446.649,937553.3512,2.194621451,1.903021597,15
893,1089206.914,910793.0862,2.206292341,1.82294213,15
894,1114779.98,885220.02,1.968827197,1.631831908,15
895,1114779.98,885220.02,1.968827197,1.631831908,14
896,1140233.105,859766.8951,1.956466127,1.592064423,14
897,1155649.316,844350.6838,2.119992979,1.864813284,14
898,1168414.823,831585.1768,2.341505962,2.101598528,14
899,1168414.823,831585.1768,2.341505962,2.101598528,15
900,1186238.074,813761.9264,2.379224966,2.061935687,15
901,1224542.622,775457.3778,2.73875264,1.995874599,15
902,1267386.087,732613.9133,2.598397778,1.79017875,15
903,1286123.823,713876.177,2.36169056,1.99063253,15
904,1303944.595,696055.4048,2.435309166,2.061152672,15
905,1334083.863,665916.1371,2.702561373,2.020818638,15
906,1362301.335,637698.6649,2.649539825,1.99369915,15
907,1388888.41,611111.5896,2.584391448,1.953712618,15
908,1415266.411,584733.5885,2.564956812,1.919704256,15
909,1435767.952,564232.0482,2.515919953,1.989380461,15
910,1455476.702,544523.2983,2.572675148,2.036061221,15
911,1467505.041,532494.9593,2.497468688,2.154904115,15
912,1487082.411,512917.5892,2.638645383,2.062512773,15
913,1499374.531,500625.4686,2.608640212,2.222695428,15
914,1507134.008,492865.9919,2.435728735,2.196408377,15
915,1524009.061,475990.9386,2.549022871,2.026790975,15
916,1524009.061,475990.9386,2.549022871,2.026790975,14
917,1538240.578,461759.422,2.63341491,2.125276515,14
918,1538240.578,461759.422,2.63341491,2.125276515,13
919,1538240.578,461759.422,2.63341491,2.125276515,12
920,1549232.24,450767.7602,2.451006131,2.008681809,12
921,1549232.24,450767.7602,2.353657238,2.335180751,12
922,1503894.657,496105.3425,2.089712982,2.670104244,12
923,1444214.61,555785.3902,2.028153853,2.831728573,12
924,1374586.069,625413.931,2.030833319,3.051863334,12
925,1313081.094,686918.9062,1.836881338,2.678752865,12
926,1273652.826,726347.1735,1.887443942,2.427274356,12
927,1241106.095,758893.9053,1.804786134,2.234910262,12
928,1241106.095,758893.9053,2.056549493,2.201385741,12
929,1222646.698,777353.3021,2.115753555,2.395314661,12
930,1183525.975,816474.0246,1.864211459,2.437747796,12
931,1183525.975,816474.0246,1.864211459,2.437747796,11
932,1149469.998,850530.0025,1.875993901,2.440582813,11
933,1115370.712,884629.2884,1.760933761,2.309845498,11
934,1115370.712,884629.2884,1.760933761,2.309845498,10
935,1072541.035,927458.965,1.679904065,2.478261422,10
936,1072541.035,927458.965,1.679904065,2.478261422,9
937,1035525.89,964474.1098,1.769343145,2.60876319,9
938,1001194.417,998805.5834,1.683773795,2.444068734,9
939,1001194.417,998805.5834,1.683773795,2.444068734,10
940,956752.9527,1043247.047,1.727164119,2.712516794,10
941,917679.6717,1082320.328,1.701135365,2.57413398,10
942,917679.6717,1082320.328,1.701135365,2.57413398,11
943,892219.5156,1107780.484,2.015768569,2.597551317,11
944,854263.7682,1145736.232,2.133946858,3.157053603,11
945,818581.2516,1181418.748,2.166730183,3.182317526,11
946,767686.5487,1232313.451,1.952510898,3.490865599,11
947,767686.5487,1232313.451,1.952510898,3.490865599,12
948,712471.0715,1287528.928,1.973672708,3.662859349,12
949,655813.8858,1344186.114,1.992386968,3.966973545,12
950,609344.005,1390655.995,2.239016557,4.114994176,12
951,566908.6112,1433091.389,2.404183765,4.369799193,12
952,539681.6038,1460318.396,3.031728404,4.548664691,12
953,539681.6038,1460318.396,3.031728404,4.548664691,13
954,525614.1202,1474385.88,3.296651538,4.031315928,13
955,525614.1202,1474385.88,3.571479916,3.520513329,13
956,516981.7815,1483018.218,3.130764773,3.552953086,13
957,516981.7815,1483018.218,3.617743164,3.617226815,13
958,516981.7815,1483018.218,3.617743164,3.617226815,12
959,563526.2622,1436473.738,3.925405465,3.01747951,12
960,563526.2622,1436473.738,3.925405465,3.01747951,11
961,588586.4271,1411413.573,3.526712883,3.00848332,11
962,588586.4271,1411413.573,3.526712883,3.00848332,12
963,615567.9549,1384432.045,3.650011569,3.111442845,12
964,658489.0995,1341510.9,4.02962607,3.107647636,12
965,658489.0995,1341510.9,4.02962607,3.107647636,11
966,684721.111,1315278.889,4.17216438,3.491041885,11
967,704509.4012,1295490.599,4.168016839,3.634437534,11
968,755473.5022,1244526.498,4.685689376,3.264130893,11
969,755473.5022,1244526.498,4.685689376,3.264130893,10
970,826738.5482,1173261.452,5.806186354,3.221448927,10
971,882803.3697,1117196.63,5.832676673,3.583012216,10
972,882803.3697,1117196.63,5.832676673,3.583012216,11
973,953369.5035,1046630.497,6.132611165,3.396682663,11
974,1027684.701,972315.2988,6.084114896,3.115100211,11
975,1072051.259,927948.7411,5.622833767,3.691056497,11
976,1110690.324,889309.6757,5.650476064,3.851957979,11
977,1110690.324,889309.6757,5.650476064,3.851957979,10
978,1136320.73,863679.2702,5.641807609,4.220606043,10
979,1162213.934,837786.0655,5.445414116,4.0256901,10
980,1173436.165,826563.8347,5.006462365,4.377937353,10
981,1173436.165,826563.8347,5.006462365,4.377937353,9
982,1173436.165,826563.8347,4.809112334,5.012918614,9
983,1159214.774,840785.2262,4.627049916,5.295111348,9
984,1128824.787,871175.2129,4.11516737,5.518216817,9
985,1095322.71,904677.2897,4.117328039,5.743139569,9
986,1095322.71,904677.2897,4.117328039,5.743139569,8
987,1047265.857,952734.1435,3.811166649,6.691043926,8
988,991253.2741,1008746.726,3.629187267,7.273835115,8
989,933369.0126,1066630.987,3.573372136,7.680792378,8
990,884260.3529,1115739.647,3.893244141,7.708294963,8
991,852022.1401,1147977.86,4.51837118,7.185152948,8
992,832244.27,1167755.73,5.433721919,7.277933618,8
993,832244.27,1167755.73,6.073732515,6.423865797,8
994,832244.27,1167755.73,6.519722342,6.076620352,8
995,832244.27,1167755.73,5.98897251,6.160533573,8
996,846279.8385,1153720.161,6.767675218,5.821938149,8
997,846279.8385,1153720.161,5.706109154,5.265530029,8
998,846279.8385,1153720.161,5.764268899,5.31251527,8
999,846279.8385,1153720.161,5.605819501,5.375092452,8
1000,866501.7031,1133498.297,6.215514347,4.9881823,8
1001,866501.7031,1133498.297,6.215514347,4.9881823,9
1002,884968.9265,1115031.073,6.348399145,5.294566066,9
1003,915469.5238,1084530.476,6.393923346,4.706957433,9
1004,950083.289,1049916.711,6.658272624,4.652715158,9
1005,987618.371,1012381.629,6.91443194,4.622946272,9
1006,987618.371,1012381.629,6.91443194,4.622946272,10
1007,1038122.63,961877.3704,6.791263425,4.079689924,10
1008,1081604.806,918395.1939,6.876707238,4.341159233,10
1009,1131625.726,868374.2743,7.62394951,4.360303524,10
1010,1184756.537,815243.463,8.242023591,4.380520417,10
1011,1242184.837,757815.1627,9.080910291,4.350246684,10
1012,1296474.206,703525.7936,8.780648608,4.149214926,10
1013,1296474.206,703525.7936,8.780648608,4.149214926,9
1014,1343807.448,656192.5518,8.409633572,3.83344159,9
1015,1385041.422,614958.5779,8.732457913,4.213135291,9
1016,1424191.706,575808.2935,9.089400628,4.339722269,9
1017,1449879.602,550120.3983,7.993215556,4.818027982,9
1018,1469554.425,530445.5747,7.652352654,5.115484344,9
1019,1490883.829,509116.1711,8.227175004,5.222615006,9
1020,1502827.366,497172.6343,7.665682598,5.89793919,9
1021,1502827.366,497172.6343,6.609444176,6.241575857,9
1022,1502827.366,497172.6343,6.609444176,6.241575857,10
1023,1502827.366,497172.6343,6.286690981,5.825844765,10
1024,1502827.366,497172.6343,5.921817965,5.806387859,10
1025,1502827.366,497172.6343,6.380622232,6.237303059,10
1026,1502827.366,497172.6343,5.583607759,6.099744995,10
1027,1476852.367,523147.633,5.138816581,6.111033509,10
1028,1449444.775,550555.2246,4.399149743,5.299051243,10
1029,1414593.103,585406.8968,4.444407626,5.659093071,10
1030,1392631.344,607368.6562,5.158661947,6.026953296,10
1031,1392631.344,607368.6562,5.158661947,6.026953296,11
1032,1392631.344,607368.6562,5.158661947,6.026953296,12
1033,1392631.344,607368.6562,5.225787805,5.093048245,12
1034,1392631.344,607368.6562,5.705643226,5.342894542,12
1035,1392631.344,607368.6562,5.208063166,5.445683991,12
1036,1369935.544,630064.4564,5.091692088,5.833565445,12
1037,1369935.544,630064.4564,4.881956937,5.345450801,12
1038,1369935.544,630064.4564,4.921521861,5.438342365,12
1039,1345764.582,654235.4179,4.719992802,5.469051782,12
1040,1310508.087,689491.9127,4.850659647,6.039406295,12
1041,1310508.087,689491.9127,4.850659647,6.039406295,11
1042,1262934.163,737065.8369,4.784804867,6.675923688,11
1043,1218439.601,781560.3993,4.971443553,6.86731929,11
1044,1184128.103,815871.8971,5.259986627,6.804215199,11
1045,1134090.935,865909.0646,5.048543421,7.449014693,11
1046,1083697.159,916302.8407,5.074578594,7.643329743,11
1047,1018269.921,981730.0794,4.806920986,8.443091754,11
1048,943516.7432,1056483.257,4.861995405,9.731813122,11
1049,895514.2393,1104485.761,5.295915718,8.482170475,11
1050,847975.9064,1152024.094,5.225497305,8.549287415,11
1051,815372.003,1184627.997,5.341630883,7.604146206,11
1052,799202.7622,1200797.238,5.942522813,7.119957424,11
1053,785340.8836,1214659.116,6.620958909,7.754292845,11
1054,785340.8836,1214659.116,6.620958909,7.754292845,10
1055,785340.8836,1214659.116,7.158485613,7.402039955,10
1056,785340.8836,1214659.116,7.158485613,7.402039955,11
1057,775525.1326,1224474.867,6.87708188,7.705555581,11
1058,765807.9161,1234192.084,6.814466645,7.637565989,11
1059,765807.9161,1234192.084,7.613478785,7.390815392,11
1060,765807.9161,1234192.084,7.613478785,7.390815392,10
1061,765807.9161,1234192.084,7.494388527,7.028919071,10
1062,765807.9161,1234192.084,8.121782273,8.153862927,10
1063,784555.3761,1215444.624,8.783587666,7.543537099,10
1064,815614.3626,1184385.637,9.709746766,7.509657827,10
1065,815614.3626,1184385.637,9.709746766,7.509657827,11
1066,854196.339,1145803.661,9.635782699,7.150263746,11
1067,854196.339,1145803.661,9.635782699,7.150263746,12
1068,883861.2418,1116138.758,9.113300923,7.338554288,12
1069,883861.2418,1116138.758,9.113300923,7.338554288,13
1070,883861.2418,1116138.758,9.113300923,7.338554288,12
1071,907412.1132,1092587.887,9.513851441,7.976165059,12
1072,965524.5606,1034475.439,10.66270526,6.794013282,12
1073,965524.5606,1034475.439,10.66270526,6.794013282,13
1074,1023751.032,976248.9685,10.06654471,6.483677142,13
1075,1062350.529,937649.4707,8.737692006,6.430971226,13
1076,1118237.657,881762.3428,9.282402735,5.820217939,13
1077,1163240.36,836759.6401,9.713817463,6.525991415,13
1078,1194925.084,805074.916,8.925871886,6.656482884,13
1079,1223999.446,776000.5542,8.797919435,6.65194207,13
1080,1235363.127,764636.8727,7.642309914,6.82733978,13
1081,1235363.127,764636.8727,7.642309914,6.82733978,12
1082,1235363.127,764636.8727,7.418821602,7.37867037,12
1083,1235363.127,764636.8727,6.76026135,7.045436837,12
1084,1235363.127,764636.8727,6.66313766,6.937078671,12
1085,1249750.858,750249.1419,6.908839771,5.904269432,12
1086,1233891.832,766108.1683,6.418873777,7.135549825,12
1087,1201645.456,798354.5442,5.862887312,7.295746016,12
1088,1201645.456,798354.5442,5.862887312,7.295746016,13
1089,1148728.843,851271.1571,5.534047696,7.790929506,13
1090,1148728.843,851271.1571,5.534047696,7.790929506,14
1091,1079438.572,920561.4282,5.727307897,8.87246925,14
1092,988606.5281,1011393.472,5.410041243,10.0588596,14
1093,936332.1106,1063667.889,6.029777473,8.837380106,14
1094,936332.1106,1063667.889,6.029777473,8.837380106,15
1095,936332.1106,1063667.889,7.586602738,7.518454301,15
1096,936332.1106,1063667.889,7.262767139,6.977774665,15
1097,973420.0084,1026579.992,8.244029362,6.52721975,15
1098,1008676.334,991323.6657,8.093701262,6.43094509,15
1099,1028267.354,971732.6458,6.709853476,5.880466725,15
1100,1053945.962,946054.0384,7.461269821,6.253224523,15
1101,1068645.269,931354.7306,7.126217236,6.424408093,15
1102,1068645.269,931354.7306,6.278786472,6.933800895,15
1103,1049294.841,950705.1592,6.286739142,7.094399638,15
1104,1014439.808,985560.1925,5.532200845,6.909850182,15
1105,1014439.808,985560.1925,6.257961154,6.412535961,15
1106,1014439.808,985560.1925,6.158279777,6.780039315,15
1107,1014439.808,985560.1925,6.158279777,6.780039315,15
1108,1014439.808,985560.1925,6.676374744,6.183743948,15
1109,1014439.808,985560.1925,6.746020274,7.223393689,15
1110,1014439.808,985560.1925,6.746020274,7.223393689,14
1111,1014439.808,985560.1925,7.685358543,7.53614442,14
1112,1014439.808,985560.1925,7.333037109,8.091951778,14
1113,1014439.808,985560.1925,7.519638209,7.799743044,14
1114,1014439.808,985560.1925,7.519638209,7.799743044,15
1115,994093.2961,1005906.704,7.266270826,8.307473973,15
1116,1012108.184,987891.8155,8.812549731,7.819656655,15
1117,1012108.184,987891.8155,8.812549731,7.819656655,15
1118,1012108.184,987891.8155,8.300785063,8.126003123,15
1119,980947.7065,1019052.294,7.300630046,8.970461372,15
1120,953798.002,1046201.998,8.213055142,9.882490803,15
1121,971260.8864,1028739.114,10.02789855,8.970828694,15
1122,1021458.765,978541.2347,10.6787276,7.690878248,15
1123,1021458.765,978541.2347,10.6787276,7.690878248,14
1124,1049561.719,950438.2806,9.652919842,7.856954911,14
1125,1068150.203,931849.7969,9.285388681,8.072922898,14
1126,1084511.735,915488.2651,9.951787598,8.777330025,14
1127,1084511.735,915488.2651,8.997229542,9.20772692,14
1128,1084511.735,915488.2651,8.997229542,9.20772692,15
1129,1084511.735,915488.2651,9.331646813,8.559472904,15
1130,1084511.735,915488.2651,9.046121849,9.908655582,15
1131,1084511.735,915488.2651,9.510842677,10.24389422,15
1132,1084511.735,915488.2651,9.510842677,10.24389422,15
1133,1058439.299,941560.7007,9.475106605,11.12599014,15
1134,994231.1569,1005768.843,8.635748744,13.01343232,15
1135,921517.8568,1078482.143,9.254031422,15.22054106,15
1136,869106.3888,1130893.611,9.970249946,14.6350095,15
1137,825355.9959,1174644.004,8.978239541,12.5988382,15
1138,790752.3347,1209247.665,8.759269676,11.60526344,15
1139,758951.794,1241048.206,9.479530814,12.41446055,15
1140,727857.6093,1272142.391,9.456950513,12.44849781,15
1141,698720.5544,1301279.446,9.080433685,11.87693275,15
1142,698720.5544,1301279.446,9.31640288,10.12319357,15
1143,684752.9189,1315247.081,10.4558079,11.94871881,15
1144,684752.9189,1315247.081,10.70220882,11.6606028,15
1145,684752.9189,1315247.081,11.64969409,10.5849528,15
1146,744333.9581,1255666.042,14.13376439,10.42532094,15
1147,744333.9581,1255666.042,14.13376439,10.42532094,14
1148,820965.0545,1179034.946,15.90700306,10.21377084,14
1149,901981.5589,1098018.441,16.63910655,10.08162429,14
1150,901981.5589,1098018.441,16.63910655,10.08162429,15
1151,989805.8477,1010194.152,18.31601457,10.60519971,15
1152,1076290.103,923709.8968,19.34756728,10.75666925,15
1153,1141100.974,858899.0259,18.35953987,11.39952346,15
1154,1201031.746,798968.2542,18.67490363,11.6270466,15
1155,1260715.375,739284.6245,19.39061501,11.65913615,15
1156,1321914.48,678085.5205,19.18872576,10.88909903,15
1157,1372712.771,627287.2292,19.96019849,11.98342064,15
1158,1397688.005,602311.9952,17.57989291,13.46036721,15
1159,1417008.885,582991.1152,16.58785405,13.38316667,15
1160,1417008.885,582991.1152,14.82881677,13.48059148,15
1161,1382977.812,617022.188,12.66826727,14.87305398,15
1162,1336045.164,663954.8361,11.34309129,14.23666835,15
1163,1336045.164,663954.8361,11.34309129,14.23666835,15
1164,1336045.164,663954.8361,13.0995012,14.46586944,15
1165,1310511.885,689488.1149,12.6560066,14.37818263,15
1166,1310511.885,689488.1149,12.6560066,14.37818263,15
1167,1288886.077,711113.9231,12.80039852,14.29056424,15
1168,1250668.398,749331.6018,11.90012235,14.51052542,15
1169,1220435.749,779564.2511,13.44673274,15.80364995,15
1170,1152799.053,847200.9465,11.57198045,16.81624292,15
1171,1049411.119,950588.8812,10.70943995,19.84302413,15
1172,962763.6707,1037236.329,11.57984394,20.37449737,15
1173,907346.8083,1092653.192,12.3663955,18.23846837,15
1174,869312.6398,1130687.36,12.57656498,16.66196831,15
1175,825698.4818,1174301.518,13.72723831,19.24066451,15
1176,799064.4416,1200935.558,15.09833235,18.73627127,15
1177,799064.4416,1200935.558,14.311807,14.98175913,15
1178,799064.4416,1200935.558,14.74469402,13.64253035,15
1179,849615.9263,1150384.074,17.56227252,13.24031794,15
1180,849615.9263,1150384.074,17.56227252,13.24031794,15
1181,914916.0239,1085083.976,16.46903404,11.22834502,15
1182,972747.2052,1027252.795,16.78510719,11.7208764,15
1183,1005155.207,994844.7927,16.65051231,13.48177807,15
1184,1005155.207,994844.7927,16.91159294,15.77638247,15
1185,1005155.207,994844.7927,16.91159294,15.77638247,15
1186,1005155.207,994844.7927,16.91159294,15.77638247,14
1187,1005155.207,994844.7927,17.76720703,18.76457234,14
1188,1022925.654,977074.346,21.48832948,18.91106026,14
1189,1022925.654,977074.346,19.55877824,19.59317601,14
1190,1022925.654,977074.346,20.17292603,21.5310648,14
1191,1022925.654,977074.346,23.61931496,21.69269648,14
1192,994456.0451,1005543.955,20.10798467,24.54657667,14
1193,994456.0451,1005543.955,23.04532694,22.11679435,14
1194,1011562.08,988437.9196,26.10953416,23.11862081,14
1195,1029404.019,970595.9814,28.02464334,24.63016797,14
1196,1029404.019,970595.9814,28.02464334,24.63016797,15
1197,1029404.019,970595.9814,27.06077259,24.53910768,15
1198,1045365.422,954634.5782,25.37234095,22.73525099,15
1199,1045365.422,954634.5782,24.87512847,25.28710718,15
1200,1045365.422,954634.5782,26.48510186,25.30021346,15
1201,1069164.117,930835.8828,27.6639763,23.41903919,15
1202,1097943.595,902056.4047,27.66413089,22.49477321,15
1203,1124547.033,875452.9674,27.70657308,22.74668351,15
1204,1140789.083,859210.9172,28.82843308,25.47045605,15
1205,1140789.083,859210.9172,28.82843308,25.47045605,15
1206,1140789.083,859210.9172,28.82843308,25.47045605,15
1207,1140789.083,859210.9172,26.18812631,23.90344929,15
1208,1166189.398,833810.6015,27.07710946,22.21937245,15
1209,1166189.398,833810.6015,23.99770139,24.18359553,15
1210,1132291.544,867708.4557,20.08249938,24.39162627,15
1211,1132291.544,867708.4557,20.08249938,24.39162627,14
1212,1095834.669,904165.3312,19.77129066,24.90912843,14
